YEAR,MONTH,MEAN_TEMP_C,MIN_TEMP_C,MAX_TEMP_C,TOTAL_PERCIP_MM
2006,1,6.466129032,4.498387097,8.385483871,625
2006,2,4.603921569,1.301886792,7.940384615,113.6
2006,3,6.842372881,3.206779661,10.40327869,242.8
2006,4,9.647457627,5.991666667,13.26440678,148.2
2006,5,13.08064516,8.958064516,17.15483871,89.8
2006,6,16.63666667,12.59166667,20.63,131.2
2006,7,18.74193548,14.46451613,22.95967742,38.8
2006,8,17.54032258,13.31774194,21.71451613,11
2006,9,15.35666667,11.27833333,19.39,96.4
2006,10,10.09516129,7.041935484,13.10645161,169.2
2006,11,5.803333333,3.388333333,8.185,832
2006,12,4.872580645,2.49516129,7.208064516,294.6
2007,1,3.287096774,0.858064516,5.677419355,505.4
2007,2,5.571875,2.878125,8.209375,252.4
2007,3,7.340322581,4.706451613,9.932258065,546.6
2007,4,9.003389831,5.666666667,12.30847458,170.8
2007,5,12.77096774,8.706451613,16.77741935,108.2
2007,6,15.36458333,10.97254902,19.2,130.2
2007,7,19.08870968,14.97258065,23.15483871,126.2
2007,8,17.98852459,13.82622951,22.09344262,24.4
2007,9,14.45,10.965,17.88833333,147.2
2007,10,10.0372549,7.396153846,12.60392157,188.4
2007,11,5.789795918,2.971428571,8.555102041,200.9
2007,12,3.719672131,1.479032258,5.980327869,458.2
2008,1,3.290322581,0.959677419,5.580645161,312.2
2008,2,5.781034483,2.817241379,8.682758621,163.6
2008,3,6.172580645,3.162903226,9.127419355,182.2
2008,4,7.771666667,4.261666667,11.24666667,154.6
2008,5,13.03870968,9.258064516,16.75645161,80.2
2008,6,14.52833333,11.005,18.00333333,103.6
2008,7,18.08225806,13.79677419,22.30967742,42.6
2008,8,17.78709677,13.86774194,21.6483871,185
2008,9,14.79666667,11.14166667,18.41333333,56.8
2008,10,10.31612903,7.217741935,13.36774194,223.8
2008,11,8.396666667,6.095,10.64833333,399
2008,12,1.690322581,-0.474193548,3.837096774,389.6
2009,1,2.474193548,0.65,4.259677419,332.2
2009,2,4.657142857,1.221428571,8.039285714,127.4
2009,3,5.103225806,1.819354839,8.343548387,259
2009,4,9.385,5.495,13.23,153.6
2009,5,12.96935484,8.59516129,17.3,140
2009,6,17.54833333,13.27166667,21.76666667,26.4
2009,7,19.76290323,15.08709677,24.39516129,39.2
2009,8,18.38225806,14.39354839,22.32580645,68
2009,9,15.88,11.90666667,19.81,179.2
2009,10,10.39516129,7.187096774,13.55645161,374.2
2009,11,7.369491525,4.918333333,9.761016949,614
2009,12,3.034482759,0.406666667,5.536206897,244.1
2010,1,7.522580645,5.169354839,9.835483871,545.1
2010,2,7.592857143,4.705357143,10.425,280.5
2010,3,8.063333333,4.75483871,11.34333333,295.6
2010,4,9.765,6.195,13.29333333,250.4
2010,5,12.34561404,8.511864407,16.06949153,174.2
2010,6,15.14318182,11.75510204,18.55,122.2
2010,7,18.31052632,13.96065574,22.75517241,4.3
2010,8,18.50806452,14.26129032,22.70483871,164.5
2010,9,15.46166667,12.31333333,18.55333333,428.2
2010,10,11.62131148,8.732258065,14.4147541,221.3
2010,11,5.538333333,3.13,7.906666667,374.7
2010,12,5.416129032,3.029032258,7.748387097,404.5
2011,1,4.50483871,2.098387097,6.864516129,441.9
2011,2,3.725,1.146428571,6.253571429,244.2
2011,3,6.779166667,3.810204082,9.7375,254.9
2011,4,7.33,4.116666667,10.5,95.6
2011,5,11.19354839,7.616129032,14.70967742,93.8
2011,6,15.26333333,11.73666667,18.74,41
2011,7,17.22258065,13.23548387,21.16129032,37.6
2011,8,18.36981132,14.1509434,22.53773585,44.8
2011,9,16.42372881,12.40666667,20.32372881,80.4
2011,10,10.26935484,7.475806452,13.00967742,132.3
2011,11,5.605,2.81,8.358333333,333.6
2011,12,4.329032258,1.870967742,6.737096774,199.3
2012,1,3.938709677,1.564516129,6.274193548,334.2
2012,2,5.301724138,2.794827586,7.765517241,296
2012,3,5.782258065,2.959677419,8.558064516,286.7
2012,4,9.826666667,6.39,13.215,223.8
2012,5,12.32258065,8.49516129,16.10806452,133.1
2012,6,14.37166667,11.07,17.615,204.5
2012,7,17.91612903,14.09516129,21.68387097,74.4
2012,8,19.08870968,14.68387097,23.44032258,11.7
2012,9,15.47666667,11.23,19.67166667,14.8
2012,10,10.60483871,7.883870968,13.27419355,477.3
2012,11,7.53,5.201666667,9.806666667,429.9
2012,12,4.789655172,3.088135593,6.418965517,440.6
2013,1,3.226666667,1.016666667,5.385,240.9
2013,2,5.55,3.407142857,7.65,216.4
2013,3,7.419354839,4.25,10.53225806,294.9
2013,4,9.760606061,6.440909091,13.01515152,256.7
2013,5,13.39784946,9.646236559,17.09892473,206.2
2013,6,16.01,12.41944444,19.65,96.6
2013,7,19.01355932,14.51290323,23.54067797,0.3
2013,8,19.28225806,15.02419355,23.49354839,116.7
2013,9,16.055,12.79666667,19.26,289.5
2013,10,9.766129032,6.751612903,12.73064516,77.6
2013,11,6.776666667,3.921666667,9.585,265.1
2013,12,3.182258065,0.935483871,5.406451613,145.2
2014,1,4.926229508,2.582258065,7.250819672,218.7
2014,2,3.245283019,0.370909091,6.132075472,212.4
2014,3,7.209836066,4.393548387,9.970491803,353.2
2014,4,10.36333333,6.616666667,14.06,182.9
2014,5,14.67903226,10.7983871,18.51290323,172.1
2014,6,16.01333333,12.225,19.75,62.2
2014,7,19.33559322,14.76885246,23.88166667,55.9
2014,8,19.79677419,15.52903226,24.01612903,34.3
2014,9,16.36333333,12.49,20.18833333,156.2
2014,10,13.34193548,10.76129032,15.86612903,355.2
2014,11,6.675,3.453333333,9.85,471.7
2014,12,5.709677419,3.056451613,8.320967742,370.5
2015,1,6.378688525,4.072580645,8.66557377,359.6
2015,2,8.0625,5.466071429,10.60714286,224.6
2015,3,8.95,5.596774194,12.25,337.6
2015,4,9.822033898,5.971666667,13.61864407,119.8
2015,5,15.19032258,11.21129032,19.11774194,7.2
2015,6,18.46949153,13.90333333,22.95932203,16.6
2015,7,19.88709677,15.33387097,24.39516129,52.9
2015,8,18.94516129,14.64677419,23.2016129,133.5
2015,9,14.525,10.93333333,18.05833333,98.9
2015,10,12.38548387,9.577419355,15.14677419,214.6
2015,11,5.896666667,2.798333333,8.941666667,406.6
2015,12,5.95,3.616129032,8.165517241,458.8
